GCA_004101985.1	PRJNA508452	SAMN10522942	RXIN00000000.1	na	470	470	Acinetobacter baumannii	strain=KT722		latest	Contig	Major	Full	2019/01/22	ASM410198v1	The Hebrew University of Jerusalem, Israel	GCF_004101985.1	identical	ftp://ftp.ncbi.nlm.nih.gov/genomes/all/GCA/004/101/985/GCA_004101985.1_ASM410198v1		
GCA_003149995.1	PRJNA397219	SAMN08295014	QAMB00000000.1	na	562	562	Escherichia coli		CIM:MAG 560	latest	Scaffold	Major	Full	2018/05/23	ASM314999v1	Mayo Clinic	na	na	ftp://ftp.ncbi.nlm.nih.gov/genomes/all/GCA/003/149/995/GCA_003149995.1_ASM314999v1	derived from metagenome ; genome length too small	
GCA_001406095.1	PRJEB10915	SAMEA3545272	CYYO00000000.1	na	820	820	Bacteroides uniformis	strain=2789STDY5608864		latest	Scaffold	Major	Full	2015/10/02	13414_6#48	SC	GCF_001406095.1	identical	ftp://ftp.ncbi.nlm.nih.gov/genomes/all/GCA/001/406/095/GCA_001406095.1_13414_6_48		
GCA_000242215.1	PRJNA46417	SAMN02463865	ADLZ00000000.1	na	742814	859	Fusobacterium necrophorum subsp. funduliforme 1_1_36S	strain=1_1_36S		latest	Scaffold	Major	Full	2012/01/11	Fuso_necr_1_1_36S_V1	Broad Institute	GCF_000242215.1	identical	ftp://ftp.ncbi.nlm.nih.gov/genomes/all/GCA/000/242/215/GCA_000242215.1_Fuso_necr_1_1_36S_V1	many frameshifted proteins	
GCA_000262225.1	PRJNA75137	SAMN00761801	AJSY00000000.1	representative genome	1095747	859	Fusobacterium necrophorum subsp. funduliforme ATCC 51357	strain=ATCC 51357		latest	Contig	Major	Full	2012/05/10	ASM26222v1	J. Craig Venter Institute	GCF_000262225.1	identical	ftp://ftp.ncbi.nlm.nih.gov/genomes/all/GCA/000/262/225/GCA_000262225.1_ASM26222v1		assembly from type material
GCA_000600355.1	PRJNA186622	SAMN02700144	AOJP00000000.1	na	1226633	859	Fusobacterium necrophorum subsp. funduliforme B35	strain=B35		latest	Contig	Major	Full	2014/03/26	FNF_B35	University of Missouri-Columbia	GCF_000600355.1	identical	ftp://ftp.ncbi.nlm.nih.gov/genomes/all/GCA/000/600/355/GCA_000600355.1_FNF_B35		
GCA_000622045.1	PRJNA223481	SAMN02744026	JHWT00000000.1	na	1410656	859	Fusobacterium necrophorum HUN048	strain=HUN048		latest	Scaffold	Major	Full	2014/04/08	ASM62204v1	DOE Joint Genome Institute	GCF_000622045.1	identical	ftp://ftp.ncbi.nlm.nih.gov/genomes/all/GCA/000/622/045/GCA_000622045.1_ASM62204v1		
GCA_000691645.1	PRJNA232676	SAMN02781279	JAAC00000000.1	na	1441732	859	Fusobacterium necrophorum BL	strain=BL		latest	Contig	Major	Full	2014/05/15	FnecBLv1.0	Newport Laboratories, A Sanofi Company	GCF_000691645.1	identical	ftp://ftp.ncbi.nlm.nih.gov/genomes/all/GCA/000/691/645/GCA_000691645.1_FnecBLv1.0		
GCA_000691665.1	PRJNA232678	SAMN02781281	JAAD00000000.1	na	1441733	859	Fusobacterium necrophorum DJ-1	strain=DJ-1		latest	Contig	Major	Full	2014/05/15	FnecDJ-1v1.0	Newport Laboratories, A Sanofi company	GCF_000691665.1	identical	ftp://ftp.ncbi.nlm.nih.gov/genomes/all/GCA/000/691/665/GCA_000691665.1_FnecDJ-1v1.0		
GCA_000691685.1	PRJNA232679	SAMN02781284	JAAE00000000.1	na	1441734	859	Fusobacterium necrophorum BFTR-1	strain=BFTR-1		latest	Contig	Major	Full	2014/05/15	FnecBFTR-1v1.0	Newport Laboratories, A Sanofi company	GCF_000691685.1	identical	ftp://ftp.ncbi.nlm.nih.gov/genomes/all/GCA/000/691/685/GCA_000691685.1_FnecBFTR-1v1.0		
GCA_000691705.1	PRJNA232680	SAMN02781283	JAAF00000000.1	na	1441735	859	Fusobacterium necrophorum DAB	strain=DAB		latest	Contig	Major	Full	2014/05/15	FnecDABv1.0	Newport Laboratories, A Sanofi Company	GCF_000691705.1	identical	ftp://ftp.ncbi.nlm.nih.gov/genomes/all/GCA/000/691/705/GCA_000691705.1_FnecDABv1.0		
GCA_000691725.1	PRJNA232681	SAMN02781282	JAAG00000000.1	na	1441736	859	Fusobacterium necrophorum BFTR-2	strain=BFTR-2		latest	Contig	Major	Full	2014/05/15	FnecBFTR-2v1.0	Newport Laboratories, A Sanofi company	GCF_000691725.1	identical	ftp://ftp.ncbi.nlm.nih.gov/genomes/all/GCA/000/691/725/GCA_000691725.1_FnecBFTR-2v1.0		
GCA_000691745.1	PRJNA232682	SAMN02781280	JAAH00000000.1	na	1441737	859	Fusobacterium necrophorum DJ-2	strain=DJ-2		latest	Contig	Major	Full	2014/05/15	FnecDJ-2v1.0	Newport Laboratories, A Sanofi company	GCF_000691745.1	identical	ftp://ftp.ncbi.nlm.nih.gov/genomes/all/GCA/000/691/745/GCA_000691745.1_FnecDJ-2v1.0		
GCA_000814775.1	PRJNA173652	SAMN01983953	AUZI00000000.1	na	1226633	859	Fusobacterium necrophorum subsp. funduliforme B35	strain=B35		latest	Contig	Major	Full	2015/01/05	ASM81477v1	Frederick National Laboratory for Cancer Research	GCF_000814775.1	identical	ftp://ftp.ncbi.nlm.nih.gov/genomes/all/GCA/000/814/775/GCA_000814775.1_ASM81477v1	many frameshifted proteins	
GCA_001596485.1	PRJNA315619	SAMN04566686	LVEA00000000.1	na	143387	859	Fusobacterium necrophorum subsp. funduliforme	strain=LS_1264		latest	Contig	Major	Full	2016/03/23	ASM159648v1	Aarhus University	GCF_001596485.1	identical	ftp://ftp.ncbi.nlm.nih.gov/genomes/all/GCA/001/596/485/GCA_001596485.1_ASM159648v1		
GCA_001597385.1	PRJNA315619	SAMN04569320	LVEU00000000.1	na	143387	859	Fusobacterium necrophorum subsp. funduliforme	strain=LS_1291		latest	Contig	Major	Full	2016/03/25	ASM159738v1	Aarhus University	GCF_001597385.1	identical	ftp://ftp.ncbi.nlm.nih.gov/genomes/all/GCA/001/597/385/GCA_001597385.1_ASM159738v1		
GCA_001597485.1	PRJNA315619	SAMN04570268	LVFA00000000.1	na	143387	859	Fusobacterium necrophorum subsp. funduliforme	strain=F1314		latest	Contig	Major	Full	2016/03/25	ASM159748v1	Aarhus University	GCF_001597485.1	identical	ftp://ftp.ncbi.nlm.nih.gov/genomes/all/GCA/001/597/485/GCA_001597485.1_ASM159748v1		
GCA_001597525.1	PRJNA315619	SAMN04570271	LVFD00000000.1	na	143387	859	Fusobacterium necrophorum subsp. funduliforme	strain=F1353		latest	Contig	Major	Full	2016/03/25	ASM159752v1	Aarhus University	GCF_001597525.1	identical	ftp://ftp.ncbi.nlm.nih.gov/genomes/all/GCA/001/597/525/GCA_001597525.1_ASM159752v1		
GCA_003019715.1	PRJNA433545	SAMN08501105		na	143387	859	Fusobacterium necrophorum subsp. funduliforme	strain=1_1_36S		latest	Complete Genome	Major	Full	2018/03/26	ASM301971v1	Virginia Tech	GCF_003019715.1	identical	ftp://ftp.ncbi.nlm.nih.gov/genomes/all/GCA/003/019/715/GCA_003019715.1_ASM301971v1		
GCA_003732505.1	PRJNA354964	SAMN06055349		na	143387	859	Fusobacterium necrophorum subsp. funduliforme	strain=F1291		latest	Complete Genome	Major	Full	2018/11/15	ASM373250v1	Aarhus University	GCF_003732505.1	identical	ftp://ftp.ncbi.nlm.nih.gov/genomes/all/GCA/003/732/505/GCA_003732505.1_ASM373250v1		
GCA_003812825.1	PRJNA231221	SAMN10163189		na	859	859	Fusobacterium necrophorum	strain=FDAARGOS_565		latest	Complete Genome	Major	Full	2018/11/21	ASM381282v1	US Food and Drug Administration	GCF_003812825.1	identical	ftp://ftp.ncbi.nlm.nih.gov/genomes/all/GCA/003/812/825/GCA_003812825.1_ASM381282v1		
GCA_004006635.1	PRJNA513186	SAMN10697414		na	143388	859	Fusobacterium necrophorum subsp. necrophorum	strain=ATCC 25286		latest	Complete Genome	Major	Full	2019/01/09	ASM400663v1	Virginia Tech	GCF_004006635.1	identical	ftp://ftp.ncbi.nlm.nih.gov/genomes/all/GCA/004/006/635/GCA_004006635.1_ASM400663v1		assembly from type material
GCA_004134955.1	PRJNA513072	SAMN10695580	SBAO00000000.1	na	859	859	Fusobacterium necrophorum	strain=KG34		latest	Contig	Major	Full	2019/02/02	ASM413495v1	University of Florida	GCF_004134955.1	identical	ftp://ftp.ncbi.nlm.nih.gov/genomes/all/GCA/004/134/955/GCA_004134955.1_ASM413495v1		
GCA_900104395.1	PRJEB16277	SAMN02983009	FMXX00000000.1	na	859	859	Fusobacterium necrophorum	strain=ATCC 25286		latest	Scaffold	Major	Full	2016/10/21	IMG-taxon 2597490366 annotated assembly	DOE - JOINT GENOME INSTITUTE	GCF_900104395.1	identical	ftp://ftp.ncbi.nlm.nih.gov/genomes/all/GCA/900/104/395/GCA_900104395.1_IMG-taxon_2597490366_annotated_assembly		assembly from type material
GCA_900451075.1	PRJEB6403	SAMEA4030745	UAWW00000000.1	na	143388	859	Fusobacterium necrophorum subsp. necrophorum	strain=NCTC13726		latest	Contig	Major	Full	2018/06/29	48128_A02	SC	na	na	ftp://ftp.ncbi.nlm.nih.gov/genomes/all/GCA/900/451/075/GCA_900451075.1_48128_A02	genome length too large	
GCA_000160475.1	PRJNA30495	SAMN00008828	ACJY00000000.1	na	546275	860	Fusobacterium periodonticum ATCC 33693	strain=ATCC 33693		latest	Scaffold	Major	Full	2009/04/29	ASM16047v1	Washington University Genome Sequencing Center	GCF_000160475.1	identical	ftp://ftp.ncbi.nlm.nih.gov/genomes/all/GCA/000/160/475/GCA_000160475.1_ASM16047v1		assembly from type material
GCA_000751255.1	PRJEB6391	SAMEA2008002	CCEL00000000.1	na	1280	1280	Staphylococcus aureus			latest	Contig	Major	Full	2014/09/06	Sa_FSA084	SC	GCF_000751255.1	identical	ftp://ftp.ncbi.nlm.nih.gov/genomes/all/GCA/000/751/255/GCA_000751255.1_Sa_FSA084		
GCA_000751515.1	PRJEB6389	SAMEA2007889	CCEH00000000.1	na	1280	1280	Staphylococcus aureus			latest	Contig	Major	Full	2014/09/06	Sa_FSA037	SC	GCF_000751515.1	identical	ftp://ftp.ncbi.nlm.nih.gov/genomes/all/GCA/000/751/515/GCA_000751515.1_Sa_FSA037		
GCA_000751875.1	PRJEB6390	SAMEA2007892	CCEK00000000.1	na	1280	1280	Staphylococcus aureus			latest	Contig	Major	Full	2014/09/06	Sa_FSA096	SC	GCF_000751875.1	identical	ftp://ftp.ncbi.nlm.nih.gov/genomes/all/GCA/000/751/875/GCA_000751875.1_Sa_FSA096		
GCA_002960005.1	PRJNA428542	SAMN08296055	POIG00000000.1	na	1307	1307	Streptococcus suis	strain=2843		latest	Contig	Major	Full	2018/02/28	ASM296000v1	Huazhong Agricultural University	GCF_002960005.1	identical	ftp://ftp.ncbi.nlm.nih.gov/genomes/all/GCA/002/960/005/GCA_002960005.1_ASM296000v1		
GCA_002962445.1	PRJNA428542	SAMN08295884	POOV00000000.1	na	1307	1307	Streptococcus suis	strain=666		latest	Contig	Major	Full	2018/02/28	ASM296244v1	Huazhong Agricultural University	GCF_002962445.1	identical	ftp://ftp.ncbi.nlm.nih.gov/genomes/all/GCA/002/962/445/GCA_002962445.1_ASM296244v1		
GCA_000177235.2	PRJNA38423	SAMN00007429		representative genome	649639	1413	Bacillus cellulosilyticus DSM 2522	strain=DSM 2522		latest	Complete Genome	Major	Full	2010/12/27	ASM17723v2	US DOE Joint Genome Institute (JGI-PGF)	GCF_000177235.2	identical	ftp://ftp.ncbi.nlm.nih.gov/genomes/all/GCA/000/177/235/GCA_000177235.2_ASM17723v2		assembly from type material
GCA_900008415.1	PRJEB11776	SAMEA3664092	FAAI00000000.1	na	1496	1496	Clostridioides difficile		VL_0102	latest	Contig	Major	Full	2016/04/01	Peptoclostridium difficile	UNIVERSITE LAVAL	GCF_900008415.1	identical	ftp://ftp.ncbi.nlm.nih.gov/genomes/all/GCA/900/008/415/GCA_900008415.1_Peptoclostridium_difficile		
GCA_001372275.1	PRJEB8118	SAMEA1572105	CELC00000000.1	na	1505	1505	Paeniclostridium sordellii	strain=R32977		latest	Contig	Major	Full	2015/03/19	R32977	SC	GCF_001372275.1	identical	ftp://ftp.ncbi.nlm.nih.gov/genomes/all/GCA/001/372/275/GCA_001372275.1_R32977		
GCA_001372335.1	PRJEB8121	SAMEA1572099	CEMX00000000.1	na	1505	1505	Paeniclostridium sordellii	strain=R32462		latest	Contig	Major	Full	2015/04/20	R32462	SC	GCF_001372335.1	identical	ftp://ftp.ncbi.nlm.nih.gov/genomes/all/GCA/001/372/335/GCA_001372335.1_R32462		
GCA_001372355.1	PRJEB8123	SAMEA1572075	CEKW00000000.1	na	1505	1505	Paeniclostridium sordellii	strain=R31809		latest	Contig	Major	Full	2015/04/20	R31809	SC	GCF_001372355.1	identical	ftp://ftp.ncbi.nlm.nih.gov/genomes/all/GCA/001/372/355/GCA_001372355.1_R31809		
GCA_001372375.1	PRJEB8124	SAMEA1572107	CELE00000000.1	na	1505	1505	Paeniclostridium sordellii	strain=R30684		latest	Contig	Major	Full	2015/04/20	R30684	SC	GCF_001372375.1	identical	ftp://ftp.ncbi.nlm.nih.gov/genomes/all/GCA/001/372/375/GCA_001372375.1_R30684		
GCA_001372395.1	PRJEB8125	SAMEA1572091	CEMY00000000.1	na	1505	1505	Paeniclostridium sordellii	strain=R29426		latest	Scaffold	Major	Full	2015/03/19	R29426	SC	GCF_001372395.1	identical	ftp://ftp.ncbi.nlm.nih.gov/genomes/all/GCA/001/372/395/GCA_001372395.1_R29426		
GCA_001372415.1	PRJEB8126	SAMEA1572108	CEKZ00000000.1	na	1505	1505	Paeniclostridium sordellii	strain=R28058		latest	Contig	Major	Full	2015/04/20	R28058	SC	GCF_001372415.1	identical	ftp://ftp.ncbi.nlm.nih.gov/genomes/all/GCA/001/372/415/GCA_001372415.1_R28058		
GCA_001372435.1	PRJEB8127	SAMEA1572093	CELB00000000.1	na	1505	1505	Paeniclostridium sordellii	strain=R27882		latest	Contig	Major	Full	2015/04/20	R27882	SC	GCF_001372435.1	identical	ftp://ftp.ncbi.nlm.nih.gov/genomes/all/GCA/001/372/435/GCA_001372435.1_R27882		
GCA_001372455.1	PRJEB8128	SAMEA1572069	CELG00000000.1	na	1505	1505	Paeniclostridium sordellii	strain=R26833		latest	Contig	Major	Full	2015/04/20	R26833	SC	GCF_001372455.1	identical	ftp://ftp.ncbi.nlm.nih.gov/genomes/all/GCA/001/372/455/GCA_001372455.1_R26833		
GCA_001372475.1	PRJEB8129	SAMEA1572113	CELJ00000000.1	na	1505	1505	Paeniclostridium sordellii	strain=W2967		latest	Contig	Major	Full	2015/04/20	W2967	SC	GCF_001372475.1	identical	ftp://ftp.ncbi.nlm.nih.gov/genomes/all/GCA/001/372/475/GCA_001372475.1_W2967		
GCA_001372495.1	PRJEB8130	SAMEA1572096	CELH00000000.1	na	1505	1505	Paeniclostridium sordellii	strain=W10		latest	Contig	Major	Full	2015/04/20	W10	SC	GCF_001372495.1	identical	ftp://ftp.ncbi.nlm.nih.gov/genomes/all/GCA/001/372/495/GCA_001372495.1_W10		
GCA_001372515.1	PRJEB8131	SAMEA1572110	CELK00000000.1	na	1505	1505	Paeniclostridium sordellii	strain=W2922		latest	Contig	Major	Full	2015/04/20	W2922	SC	GCF_001372515.1	identical	ftp://ftp.ncbi.nlm.nih.gov/genomes/all/GCA/001/372/515/GCA_001372515.1_W2922		
GCA_001372535.1	PRJEB8132	SAMEA1572104	CELI00000000.1	na	1505	1505	Paeniclostridium sordellii	strain=W2945		latest	Contig	Major	Full	2015/04/20	W2945	SC	GCF_001372535.1	identical	ftp://ftp.ncbi.nlm.nih.gov/genomes/all/GCA/001/372/535/GCA_001372535.1_W2945		
GCA_001372555.1	PRJEB8133	SAMEA1572070	CENA00000000.1	na	1505	1505	Paeniclostridium sordellii	strain=W2946		latest	Scaffold	Major	Full	2015/04/20	W2946	SC	GCF_001372555.1	identical	ftp://ftp.ncbi.nlm.nih.gov/genomes/all/GCA/001/372/555/GCA_001372555.1_W2946		
GCA_001372575.1	PRJEB8134	SAMEA1572082	CELF00000000.1	na	1505	1505	Paeniclostridium sordellii	strain=W2948		latest	Contig	Major	Full	2015/04/20	W2948	SC	GCF_001372575.1	identical	ftp://ftp.ncbi.nlm.nih.gov/genomes/all/GCA/001/372/575/GCA_001372575.1_W2948		
GCA_001372615.1	PRJEB8136	SAMEA1572084	CELA00000000.1	na	1505	1505	Paeniclostridium sordellii	strain=W3025		latest	Contig	Major	Full	2015/04/20	W3025	SC	GCF_001372615.1	identical	ftp://ftp.ncbi.nlm.nih.gov/genomes/all/GCA/001/372/615/GCA_001372615.1_W3025		
GCA_001372635.1	PRJEB8137	SAMEA1572115	CELD00000000.1	na	1505	1505	Paeniclostridium sordellii	strain=W3026		latest	Contig	Major	Full	2015/04/20	W3026	SC	GCF_001372635.1	identical	ftp://ftp.ncbi.nlm.nih.gov/genomes/all/GCA/001/372/635/GCA_001372635.1_W3026		
GCA_001372695.1	PRJEB8141	SAMEA1572098	CDNN00000000.1	na	1505	1505	Paeniclostridium sordellii	strain=JGS6956		latest	Contig	Major	Full	2015/04/20	JGS6956	SC	GCF_001372695.1	identical	ftp://ftp.ncbi.nlm.nih.gov/genomes/all/GCA/001/372/695/GCA_001372695.1_JGS6956		
GCA_001372715.1	PRJEB8142	SAMEA1572114	CDNI00000000.1	na	1505	1505	Paeniclostridium sordellii	strain=JGS6961		latest	Contig	Major	Full	2015/04/20	JGS6961	SC	GCF_001372715.1	identical	ftp://ftp.ncbi.nlm.nih.gov/genomes/all/GCA/001/372/715/GCA_001372715.1_JGS6961		
GCA_001372735.1	PRJEB8143	SAMEA1572079	CDNR00000000.1	na	1505	1505	Paeniclostridium sordellii	strain=DA108		latest	Contig	Major	Full	2015/04/20	DA108	SC	GCF_001372735.1	identical	ftp://ftp.ncbi.nlm.nih.gov/genomes/all/GCA/001/372/735/GCA_001372735.1_DA108		
GCA_001372755.1	PRJEB8144	SAMEA1572101	CDNV00000000.1	na	1505	1505	Paeniclostridium sordellii	strain=SSCC33589		latest	Contig	Major	Full	2015/04/20	SSCC33589	SC	GCF_001372755.1	identical	ftp://ftp.ncbi.nlm.nih.gov/genomes/all/GCA/001/372/755/GCA_001372755.1_SSCC33589		
GCA_001372775.1	PRJEB8145	SAMEA1572080	CDNH00000000.1	na	1505	1505	Paeniclostridium sordellii	strain=SSCC42239		latest	Contig	Major	Full	2015/04/20	SSCC42239	SC	GCF_001372775.1	identical	ftp://ftp.ncbi.nlm.nih.gov/genomes/all/GCA/001/372/775/GCA_001372775.1_SSCC42239		
GCA_001372795.1	PRJEB8146	SAMEA1572083	CDNX00000000.1	na	1505	1505	Paeniclostridium sordellii	strain=SSCC26591		latest	Contig	Major	Full	2015/04/20	SSCC26591	SC	GCF_001372795.1	identical	ftp://ftp.ncbi.nlm.nih.gov/genomes/all/GCA/001/372/795/GCA_001372795.1_SSCC26591		
GCA_001372855.1	PRJEB8149	SAMEA1572100	CDNE00000000.1	na	1505	1505	Paeniclostridium sordellii	strain=SSCC18392		latest	Contig	Major	Full	2015/04/20	SSCC18392	SC	GCF_001372855.1	identical	ftp://ftp.ncbi.nlm.nih.gov/genomes/all/GCA/001/372/855/GCA_001372855.1_SSCC18392		
GCA_001372875.1	PRJEB8150	SAMEA1572094	CDNF00000000.1	na	1505	1505	Paeniclostridium sordellii	strain=SSCC35109		latest	Contig	Major	Full	2015/04/20	SSCC35109	SC	GCF_001372875.1	identical	ftp://ftp.ncbi.nlm.nih.gov/genomes/all/GCA/001/372/875/GCA_001372875.1_SSCC35109		
GCA_001372895.1	PRJEB8151	SAMEA1572109	CDNW00000000.1	na	1505	1505	Paeniclostridium sordellii	strain=SSCC33587		latest	Contig	Major	Full	2015/04/20	SSCC33587	SC	GCF_001372895.1	identical	ftp://ftp.ncbi.nlm.nih.gov/genomes/all/GCA/001/372/895/GCA_001372895.1_SSCC33587		
GCA_001372935.1	PRJEB8153	SAMEA1572076	CDNM00000000.1	na	1505	1505	Paeniclostridium sordellii	strain=UMC1		latest	Contig	Major	Full	2015/04/20	UMC1	SC	GCF_001372935.1	identical	ftp://ftp.ncbi.nlm.nih.gov/genomes/all/GCA/001/372/935/GCA_001372935.1_UMC1		
GCA_001372975.1	PRJEB8155	SAMEA1572095	CDNP00000000.1	na	1505	1505	Paeniclostridium sordellii	strain=UMC178		latest	Contig	Major	Full	2015/04/20	UMC178	SC	GCF_001372975.1	identical	ftp://ftp.ncbi.nlm.nih.gov/genomes/all/GCA/001/372/975/GCA_001372975.1_UMC178		
GCA_001372995.1	PRJEB8156	SAMEA1572071	CDNS00000000.1	na	1505	1505	Paeniclostridium sordellii	strain=UMC4401		latest	Contig	Major	Full	2015/04/20	UMC4401	SC	GCF_001372995.1	identical	ftp://ftp.ncbi.nlm.nih.gov/genomes/all/GCA/001/372/995/GCA_001372995.1_UMC4401		
GCA_001373015.1	PRJEB8157	SAMEA1572087	CDNY00000000.1	na	1505	1505	Paeniclostridium sordellii	strain=UMC4404		latest	Contig	Major	Full	2015/04/20	UMC4404	SC	GCF_001373015.1	identical	ftp://ftp.ncbi.nlm.nih.gov/genomes/all/GCA/001/373/015/GCA_001373015.1_UMC4404		
GCA_001373055.1	PRJEB8159	SAMEA1572116	CDNL00000000.1	na	1505	1505	Paeniclostridium sordellii	strain=E204		latest	Contig	Major	Full	2015/04/20	E204	SC	GCF_001373055.1	identical	ftp://ftp.ncbi.nlm.nih.gov/genomes/all/GCA/001/373/055/GCA_001373055.1_E204		
GCA_001950115.1	PRJDB5274	SAMD00066803	BDJI00000000.1	representative genome	1505	1505	Paeniclostridium sordellii	strain=CBA7122		latest	Contig	Major	Full	2016/12/06	ASM195011v1	Korea Basic Science Institute	GCF_001950115.1	identical	ftp://ftp.ncbi.nlm.nih.gov/genomes/all/GCA/001/950/115/GCA_001950115.1_ASM195011v1		
GCA_002865995.1	PRJNA302050	SAMN04263499		na	1505	1505	Paeniclostridium sordellii	strain=AM370		latest	Complete Genome	Major	Full	2018/01/08	ASM286599v1	Los Alamos National Laboratory	GCF_002865995.1	identical	ftp://ftp.ncbi.nlm.nih.gov/genomes/all/GCA/002/865/995/GCA_002865995.1_ASM286599v1		
GCA_003465925.1	PRJNA482748	SAMN09734187	QSBE00000000.1	na	1505	1505	Paeniclostridium sordellii	strain=AF05-25		latest	Scaffold	Major	Full	2018/09/06	ASM346592v1	BGI	GCF_003465925.1	identical	ftp://ftp.ncbi.nlm.nih.gov/genomes/all/GCA/003/465/925/GCA_003465925.1_ASM346592v1		
GCA_003433765.1	PRJNA482748	SAMN09734744	QVEN00000000.1	na	1531	1531	[Clostridium] clostridioforme	strain=AM07-19		latest	Scaffold	Major	Full	2018/08/31	ASM343376v1	BGI	GCF_003433765.1	identical	ftp://ftp.ncbi.nlm.nih.gov/genomes/all/GCA/003/433/765/GCA_003433765.1_ASM343376v1		
GCA_000154485.1	PRJNA19663	SAMN00000007	ABFX00000000.2	representative genome	445974	1547	Erysipelatoclostridium ramosum DSM 1402	strain=DSM 1402		latest	Scaffold	Major	Full	2007/11/14	ASM15448v1	Washington University Genome Sequencing Center	GCF_000154485.1	identical	ftp://ftp.ncbi.nlm.nih.gov/genomes/all/GCA/000/154/485/GCA_000154485.1_ASM15448v1		assembly from type material
GCA_003434415.1	PRJNA482748	SAMN09734889	QUSJ00000000.1	na	1547	1547	Erysipelatoclostridium ramosum	strain=AM21-17		latest	Scaffold	Major	Full	2018/08/31	ASM343441v1	BGI	GCF_003434415.1	identical	ftp://ftp.ncbi.nlm.nih.gov/genomes/all/GCA/003/434/415/GCA_003434415.1_ASM343441v1		
GCA_003435475.1	PRJNA482748	SAMN09736827	QUSL00000000.1	na	1547	1547	Erysipelatoclostridium ramosum	strain=OM06-4		latest	Scaffold	Major	Full	2018/08/31	ASM343547v1	BGI	GCF_003435475.1	identical	ftp://ftp.ncbi.nlm.nih.gov/genomes/all/GCA/003/435/475/GCA_003435475.1_ASM343547v1		
GCA_003457805.1	PRJNA482748	SAMN09734545	QRTD00000000.1	na	1547	1547	Erysipelatoclostridium ramosum	strain=AF28-24B		latest	Scaffold	Major	Full	2018/09/05	ASM345780v1	BGI	na	na	ftp://ftp.ncbi.nlm.nih.gov/genomes/all/GCA/003/457/805/GCA_003457805.1_ASM345780v1		
GCA_003457945.1	PRJNA482748	SAMN09734541	QRTG00000000.1	na	1547	1547	Erysipelatoclostridium ramosum	strain=AF28-13		latest	Scaffold	Major	Full	2018/09/05	ASM345794v1	BGI	GCF_003457945.1	identical	ftp://ftp.ncbi.nlm.nih.gov/genomes/all/GCA/003/457/945/GCA_003457945.1_ASM345794v1		
GCA_003459445.1	PRJNA482748	SAMN09734416	QRWA00000000.1	na	1547	1547	Erysipelatoclostridium ramosum	strain=AF20-7LB		latest	Scaffold	Major	Full	2018/09/05	ASM345944v1	BGI	GCF_003459445.1	identical	ftp://ftp.ncbi.nlm.nih.gov/genomes/all/GCA/003/459/445/GCA_003459445.1_ASM345944v1		
GCA_003459645.1	PRJNA482748	SAMN09734389	QRWM00000000.1	na	1547	1547	Erysipelatoclostridium ramosum	strain=AF19-21AC		latest	Scaffold	Major	Full	2018/09/05	ASM345964v1	BGI	GCF_003459645.1	identical	ftp://ftp.ncbi.nlm.nih.gov/genomes/all/GCA/003/459/645/GCA_003459645.1_ASM345964v1		
GCA_003462905.1	PRJNA482748	SAMN09736709	QSCB00000000.1	na	1547	1547	Erysipelatoclostridium ramosum	strain=OF04-4AC		latest	Scaffold	Major	Full	2018/09/06	ASM346290v1	BGI	GCF_003462905.1	identical	ftp://ftp.ncbi.nlm.nih.gov/genomes/all/GCA/003/462/905/GCA_003462905.1_ASM346290v1		
GCA_003467635.1	PRJNA482748	SAMN09736498	QSHI00000000.1	na	1547	1547	Erysipelatoclostridium ramosum	strain=AM38-1		latest	Scaffold	Major	Full	2018/09/06	ASM346763v1	BGI	GCF_003467635.1	identical	ftp://ftp.ncbi.nlm.nih.gov/genomes/all/GCA/003/467/635/GCA_003467635.1_ASM346763v1		
GCA_003470175.1	PRJNA482748	SAMN09736315	QSLK00000000.1	na	1547	1547	Erysipelatoclostridium ramosum	strain=AM25-30		latest	Scaffold	Major	Full	2018/09/06	ASM347017v1	BGI	GCF_003470175.1	identical	ftp://ftp.ncbi.nlm.nih.gov/genomes/all/GCA/003/470/175/GCA_003470175.1_ASM347017v1		
GCA_003904255.1	PRJNA212117	SAMN10241676	RUSK00000000.1	na	1639	1639	Listeria monocytogenes	strain=2015L-6722		latest	Contig	Major	Full	2018/12/07	PDT000391482.1	Enteric Diseases Laboratory Branch, Centers for Disease Control and Prevention	na	na	ftp://ftp.ncbi.nlm.nih.gov/genomes/all/GCA/003/904/255/GCA_003904255.1_PDT000391482.1	derived from surveillance project	
GCA_003919815.1	PRJNA212117	SAMN10241653	RVWT00000000.1	na	1639	1639	Listeria monocytogenes	strain=2015L-6706		latest	Contig	Major	Full	2018/12/07	PDT000391456.1	Enteric Diseases Laboratory Branch, Centers for Disease Control and Prevention	na	na	ftp://ftp.ncbi.nlm.nih.gov/genomes/all/GCA/003/919/815/GCA_003919815.1_PDT000391456.1	derived from surveillance project	
GCA_000012765.1	PRJNA16208	SAMN02603434		representative genome	340047	2095	Mycoplasma capricolum subsp. capricolum ATCC 27343	strain=ATCC 27343		latest	Complete Genome	Major	Full	2005/12/06	ASM1276v1	J. Craig Venter Institute	GCF_000012765.1	identical	ftp://ftp.ncbi.nlm.nih.gov/genomes/all/GCA/000/012/765/GCA_000012765.1_ASM1276v1		assembly from type material
GCA_000192395.2	PRJNA60247	SAMN02469495		na	927701	2095	Mycoplasma capricolum subsp. capripneumoniae M1601	strain=M1601		latest	Complete Genome	Major	Full	2016/09/16	ASM19239v2	Canada's Michael Smith Genome Sciences Centre, BC Cancer Agency	GCF_000192395.2	identical	ftp://ftp.ncbi.nlm.nih.gov/genomes/all/GCA/000/192/395/GCA_000192395.2_ASM19239v2		
GCA_000731685.1	PRJNA164785	SAMN02741410	JMJI00000000.1	na	1188243	2095	Mycoplasma capricolum subsp. capripneumoniae 99108	strain=99108		latest	Contig	Major	Full	2014/07/18	ASM73168v1	EVOLMYCO	GCF_000731685.1	identical	ftp://ftp.ncbi.nlm.nih.gov/genomes/all/GCA/000/731/685/GCA_000731685.1_ASM73168v1		
GCA_000731875.1	PRJNA164757	SAMN02927604	JFDO00000000.1	na	1188238	2095	Mycoplasma capricolum subsp. capricolum 14232	strain=14232		latest	Contig	Major	Full	2014/07/21	ASM73187v1	EVOLMYCO	GCF_000731875.1	identical	ftp://ftp.ncbi.nlm.nih.gov/genomes/all/GCA/000/731/875/GCA_000731875.1_ASM73187v1		
GCA_000830335.1	PRJNA241088	SAMN03283040	JXQB00000000.1	na	40479	2095	Mycoplasma capricolum subsp. capricolum	strain=GM508D		latest	Contig	Major	Full	2015/01/30	ASM83033v1	University of Missouri - Columbia	GCF_000830335.1	identical	ftp://ftp.ncbi.nlm.nih.gov/genomes/all/GCA/000/830/335/GCA_000830335.1_ASM83033v1		
GCA_000835085.1	PRJNA78705	SAMN03275448		na	1124992	2095	Mycoplasma capricolum subsp. capripneumoniae 87001	strain=87001		latest	Complete Genome	Major	Full	2015/02/10	ASM83508v1	NShanghai-MOST Key Laboratory of Health and  Disease Genomics, Chinese National Human Genome Center at Shanghai,  Shanghai, China, No. 250, Bibo Road, Pudong District	GCF_000835085.1	identical	ftp://ftp.ncbi.nlm.nih.gov/genomes/all/GCA/000/835/085/GCA_000835085.1_ASM83508v1		
GCA_000952915.1	PRJEB6140	SAMEA2547818		na	40480	2095	Mycoplasma capricolum subsp. capripneumoniae	strain=9231-Abomsa		latest	Complete Genome	Major	Full	2014/08/16	9231-Abomsa assembly V8	CIRAD	GCF_000952915.1	identical	ftp://ftp.ncbi.nlm.nih.gov/genomes/all/GCA/000/952/915/GCA_000952915.1_9231-Abomsa_assembly_V8		
GCA_000953235.1	PRJEB7065	SAMEA2710682		na	40480	2095	Mycoplasma capricolum subsp. capripneumoniae	strain=ILRI181		latest	Complete Genome	Major	Full	2014/09/04	ILRI181.1	SIB	GCF_000953235.1	identical	ftp://ftp.ncbi.nlm.nih.gov/genomes/all/GCA/000/953/235/GCA_000953235.1_ILRI181.1		
GCA_000953375.1	PRJEB7064	SAMEA2710297		na	40480	2095	Mycoplasma capricolum subsp. capripneumoniae	strain=type strain: F38 = NCTC 10192		latest	Complete Genome	Major	Full	2014/08/27	F38.1	SIB	GCF_000953375.1	identical	ftp://ftp.ncbi.nlm.nih.gov/genomes/all/GCA/000/953/375/GCA_000953375.1_F38.1		assembly from type material
GCA_001005165.1	PRJNA282481	SAMN03570464	LBMF00000000.1	na	40479	2095	Mycoplasma capricolum subsp. capricolum	strain=14DL0024		latest	Scaffold	Major	Full	2015/05/08	ASM100516v1	University of Copenhagen	GCF_001005165.1	identical	ftp://ftp.ncbi.nlm.nih.gov/genomes/all/GCA/001/005/165/GCA_001005165.1_ASM100516v1		
GCA_002009215.1	PRJNA358856	SAMN06186601		na	40480	2095	Mycoplasma capricolum subsp. capripneumoniae	strain=zly1309F		latest	Complete Genome	Major	Full	2017/03/02	ASM200921v1	Lanzhou Veterinary Research Institute, Chinese Academy of Agricultural Sciences	GCF_002009215.1	identical	ftp://ftp.ncbi.nlm.nih.gov/genomes/all/GCA/002/009/215/GCA_002009215.1_ASM200921v1		
GCA_000169595.1	PRJNA19095	SAMN02435846	AAYQ00000000.2	na	550773	2130	Ureaplasma urealyticum serovar 9 str. ATCC 33175	strain=ATCC 33175		latest	Contig	Major	Full	2008/08/05	ASM16959v1	TIGR	GCF_000169595.1	identical	ftp://ftp.ncbi.nlm.nih.gov/genomes/all/GCA/000/169/595/GCA_000169595.1_ASM16959v1		
GCA_000185645.1	PRJNA38781	SAMN02595332	ACRX00000000.1	na	562982	29391	Gemella morbillorum M424	strain=M424		latest	Scaffold	Major	Full	2011/01/14	ASM18564v1	Broad Institute	GCF_000185645.1	identical	ftp://ftp.ncbi.nlm.nih.gov/genomes/all/GCA/000/185/645/GCA_000185645.1_ASM18564v1		assembly from proxytype material
GCA_900476045.1	PRJEB6403	SAMEA4364208		na	29391	29391	Gemella morbillorum	strain=NCTC11323		latest	Complete Genome	Major	Full	2018/06/17	50279_D01	SC	GCF_900476045.1	identical	ftp://ftp.ncbi.nlm.nih.gov/genomes/all/GCA/900/476/045/GCA_900476045.1_50279_D01		assembly from type material
GCA_002865285.1	PRJNA388337	SAMN07198456	NIHW00000000.1	na	33038	33038	[Ruminococcus] gnavus	strain=RJX1128		latest	Scaffold	Major	Full	2018/01/05	ASM286528v1	Broad Institute	GCF_002865285.1	identical	ftp://ftp.ncbi.nlm.nih.gov/genomes/all/GCA/002/865/285/GCA_002865285.1_ASM286528v1		
GCA_002865325.1	PRJNA388337	SAMN07198452	NIHS00000000.1	na	33038	33038	[Ruminococcus] gnavus	strain=RJX1124		latest	Scaffold	Major	Full	2018/01/05	ASM286532v1	Broad Institute	GCF_002865325.1	identical	ftp://ftp.ncbi.nlm.nih.gov/genomes/all/GCA/002/865/325/GCA_002865325.1_ASM286532v1		
GCA_002865435.1	PRJNA388337	SAMN07198447	NIHN00000000.1	na	33038	33038	[Ruminococcus] gnavus	strain=RJX1119		latest	Scaffold	Major	Full	2018/01/05	ASM286543v1	Broad Institute	GCF_002865435.1	identical	ftp://ftp.ncbi.nlm.nih.gov/genomes/all/GCA/002/865/435/GCA_002865435.1_ASM286543v1		
GCA_002865485.1	PRJNA388337	SAMN07198446	NIHM00000000.1	na	33038	33038	[Ruminococcus] gnavus	strain=RJX1118		latest	Scaffold	Major	Full	2018/01/05	ASM286548v1	Broad Institute	GCF_002865485.1	identical	ftp://ftp.ncbi.nlm.nih.gov/genomes/all/GCA/002/865/485/GCA_002865485.1_ASM286548v1		
GCA_003470265.1	PRJNA482748	SAMN09736305	QRHH00000000.1	na	33038	33038	[Ruminococcus] gnavus	strain=AM25-19		latest	Scaffold	Major	Full	2018/09/06	ASM347026v1	BGI	GCF_003470265.1	identical	ftp://ftp.ncbi.nlm.nih.gov/genomes/all/GCA/003/470/265/GCA_003470265.1_ASM347026v1		
GCA_000373865.1	PRJNA169799	SAMN02440434	ARES00000000.1	na	1121315	36841	Terrisporobacter glycolicus ATCC 14880 = DSM 1288	strain=ATCC 14880		latest	Scaffold	Major	Full	2013/04/23	ASM37386v1	DOE Joint Genome Institute	GCF_000373865.1	identical	ftp://ftp.ncbi.nlm.nih.gov/genomes/all/GCA/000/373/865/GCA_000373865.1_ASM37386v1		assembly from type material
GCA_000439105.1	PRJNA185566	SAMN02440708	AUUB00000000.1	representative genome	1121315	36841	Terrisporobacter glycolicus ATCC 14880 = DSM 1288	strain=DSM 1288		latest	Scaffold	Major	Full	2013/07/19	ASM43910v1	DOE Joint Genome Institute	GCF_000439105.1	identical	ftp://ftp.ncbi.nlm.nih.gov/genomes/all/GCA/000/439/105/GCA_000439105.1_ASM43910v1		assembly from type material
GCA_900660555.1	PRJEB6403	SAMEA4412698		na	45361	45361	Mycoplasma conjunctivae	strain=NCTC10147		latest	Complete Genome	Major	Full	2019/01/29	50884_D01-3	SC	GCF_900660555.1	identical	ftp://ftp.ncbi.nlm.nih.gov/genomes/all/GCA/900/660/555/GCA_900660555.1_50884_D01-3		assembly from type material
GCA_900066245.1	PRJEB10915	SAMEA3545266	FMHE00000000.1	na	59620	59620	uncultured Clostridium sp.		2789STDY5608858	latest	Scaffold	Major	Full	2016/08/17	13414_6#42	SC	na	na	ftp://ftp.ncbi.nlm.nih.gov/genomes/all/GCA/900/066/245/GCA_900066245.1_13414_6_42	derived from environmental source	
GCA_900066955.1	PRJEB10915	SAMEA3545417	FMGV00000000.1	na	59620	59620	uncultured Clostridium sp.		2789STDY5834954	latest	Scaffold	Major	Full	2016/08/17	14207_7#77	SC	na	na	ftp://ftp.ncbi.nlm.nih.gov/genomes/all/GCA/900/066/955/GCA_900066955.1_14207_7_77	derived from environmental source	
GCA_900540255.1	PRJEB26432	SAMEA4890906	UQFE00000000.1	na	59620	59620	uncultured Clostridium sp.		UMGS222	latest	Contig	Major	Full	2019/01/29	UMGS222	EBI	na	na	ftp://ftp.ncbi.nlm.nih.gov/genomes/all/GCA/900/540/255/GCA_900540255.1_UMGS222	derived from environmental source	
GCA_900540465.1	PRJEB26432	SAMEA4890930	UQGB00000000.1	na	59620	59620	uncultured Clostridium sp.		UMGS249	latest	Contig	Major	Full	2019/01/29	UMGS249	EBI	na	na	ftp://ftp.ncbi.nlm.nih.gov/genomes/all/GCA/900/540/465/GCA_900540465.1_UMGS249	derived from environmental source	
GCA_900543325.1	PRJEB26432	SAMEA4891217	UQQU00000000.1	na	59620	59620	uncultured Clostridium sp.		UMGS558	latest	Contig	Major	Full	2019/01/29	UMGS558	EBI	na	na	ftp://ftp.ncbi.nlm.nih.gov/genomes/all/GCA/900/543/325/GCA_900543325.1_UMGS558	derived from environmental source	
GCA_900545985.1	PRJEB26432	SAMEA4891476	URBD00000000.1	na	59620	59620	uncultured Clostridium sp.		UMGS826	latest	Contig	Major	Full	2019/01/29	UMGS826	EBI	na	na	ftp://ftp.ncbi.nlm.nih.gov/genomes/all/GCA/900/545/985/GCA_900545985.1_UMGS826	derived from environmental source	
GCA_002803405.1	PRJNA419072	SAMN08042460	PHNQ00000000.1	na	69824	69824	[Clostridium] cocleatum	strain=ATCC 29902		latest	Scaffold	Major	Full	2017/12/02	ASM280340v1	University of Nebraska-Lincoln	GCF_002803405.1	identical	ftp://ftp.ncbi.nlm.nih.gov/genomes/all/GCA/002/803/405/GCA_002803405.1_ASM280340v1		assembly from type material
GCA_900102365.1	PRJEB15836	SAMN04489758	FOIN00000000.1	representative genome	69824	69824	[Clostridium] cocleatum	strain=DSM 1551		latest	Scaffold	Major	Full	2016/10/31	IMG-taxon 2634166354 annotated assembly	DOE - JOINT GENOME INSTITUTE	GCF_900102365.1	identical	ftp://ftp.ncbi.nlm.nih.gov/genomes/all/GCA/900/102/365/GCA_900102365.1_IMG-taxon_2634166354_annotated_assembly		assembly from type material
GCA_900314465.1	PRJEB21624	SAMEA104666315	OMVK00000000.1	na	77133	77133	uncultured bacterium		hRUG910	latest	Contig	Major	Full	2018/04/02	Rumen uncultured genome hRUG910	THE ROSLIN INSTITUTE	na	na	ftp://ftp.ncbi.nlm.nih.gov/genomes/all/GCA/900/314/465/GCA_900314465.1_Rumen_uncultured_genome_hRUG910	derived from environmental source	
GCA_001404355.1	PRJEB10915	SAMEA3545321	CYZV00000000.1	na	84024	84024	Clostridium disporicum	strain=2789STDY5834855		latest	Scaffold	Major	Full	2015/10/02	13470_2#74	SC	GCF_001404355.1	identical	ftp://ftp.ncbi.nlm.nih.gov/genomes/all/GCA/001/404/355/GCA_001404355.1_13470_2_74		
GCA_001405575.1	PRJEB10915	SAMEA3545235	CYYT00000000.1	na	84024	84024	Clostridium disporicum	strain=2789STDY5608827		latest	Scaffold	Major	Full	2015/10/02	13414_6#11	SC	GCF_001405575.1	identical	ftp://ftp.ncbi.nlm.nih.gov/genomes/all/GCA/001/405/575/GCA_001405575.1_13414_6_11		
GCA_000183205.2	PRJNA54021	SAMN00116774	AENN00000000.1	na	908337	88132	Eremococcus coleocola ACS-139-V-Col8	strain=ACS-139-V-Col8		latest	Contig	Major	Full	2010/11/24	ASM18320v1	J. Craig Venter Institute	GCF_000183205.1	identical	ftp://ftp.ncbi.nlm.nih.gov/genomes/all/GCA/000/183/205/GCA_000183205.2_ASM18320v1		
GCA_003434745.1	PRJNA482748	SAMN09736324	QVIB00000000.1	na	88431	88431	Dorea longicatena	strain=AM25-9		latest	Scaffold	Major	Full	2018/08/31	ASM343474v1	BGI	na	na	ftp://ftp.ncbi.nlm.nih.gov/genomes/all/GCA/003/434/745/GCA_003434745.1_ASM343474v1	genome length too large	
GCA_000482505.1	PRJNA195791	SAMN02441112	AXVL00000000.1	representative genome	1122173	109328	Leptotrichia trevisanii DSM 22070	strain=DSM 22070		latest	Scaffold	Major	Full	2013/10/25	ASM48250v1	DOE Joint Genome Institute	GCF_000482505.1	identical	ftp://ftp.ncbi.nlm.nih.gov/genomes/all/GCA/000/482/505/GCA_000482505.1_ASM48250v1		assembly from type material
GCA_000178255.1	PRJNA42765	SAMN00007491	ADMN00000000.1	representative genome	702450	154288	Turicibacter sanguinis PC909	strain=PC909		latest	Contig	Major	Full	2010/03/30	ASM17825v1	JCVI	GCF_000178255.1	identical	ftp://ftp.ncbi.nlm.nih.gov/genomes/all/GCA/000/178/255/GCA_000178255.1_ASM17825v1		
GCA_001404715.1	PRJEB10915	SAMEA3545230	CYXW00000000.1	na	154288	154288	Turicibacter sanguinis	strain=2789STDY5608821		latest	Scaffold	Major	Full	2015/10/02	13414_6#5	SC	GCF_001404715.1	identical	ftp://ftp.ncbi.nlm.nih.gov/genomes/all/GCA/001/404/715/GCA_001404715.1_13414_6_5		
GCA_001405075.1	PRJEB10915	SAMEA3545273	CYYS00000000.1	na	154288	154288	Turicibacter sanguinis	strain=2789STDY5608865		latest	Scaffold	Major	Full	2015/10/01	13414_6#49	SC	GCF_001405075.1	identical	ftp://ftp.ncbi.nlm.nih.gov/genomes/all/GCA/001/405/075/GCA_001405075.1_13414_6_49		
GCA_001406535.1	PRJEB10915	SAMEA3545412	CZBN00000000.1	na	154288	154288	Turicibacter sanguinis	strain=2789STDY5834949		latest	Scaffold	Major	Full	2015/10/01	14207_7#72	SC	GCF_001406535.1	identical	ftp://ftp.ncbi.nlm.nih.gov/genomes/all/GCA/001/406/535/GCA_001406535.1_14207_7_72		
GCA_001406595.1	PRJEB10915	SAMEA3545317	CYZQ00000000.1	representative genome	154288	154288	Turicibacter sanguinis	strain=2789STDY5834851		latest	Scaffold	Major	Full	2015/10/01	13470_2#70	SC	GCF_001406595.1	identical	ftp://ftp.ncbi.nlm.nih.gov/genomes/all/GCA/001/406/595/GCA_001406595.1_13470_2_70		
GCA_004166965.1	PRJNA496358	SAMN10239559	RCYV00000000.1	na	154288	154288	Turicibacter sanguinis	strain=am_0171		latest	Contig	Major	Full	2019/02/11	ASM416696v1	Broad Institute	GCF_004166965.1	identical	ftp://ftp.ncbi.nlm.nih.gov/genomes/all/GCA/004/166/965/GCA_004166965.1_ASM416696v1		
GCA_900540085.1	PRJEB26432	SAMEA4890898	UQEU00000000.1	na	172733	172733	uncultured Clostridiales bacterium		UMGS213	latest	Contig	Major	Full	2019/01/29	UMGS213	EBI	na	na	ftp://ftp.ncbi.nlm.nih.gov/genomes/all/GCA/900/540/085/GCA_900540085.1_UMGS213	derived from environmental source	
GCA_000422685.1	PRJNA185590	SAMN02441177	AUGN00000000.1	representative genome	1121891	206041	Flavobacterium gelidilacus DSM 15343	strain=DSM 15343		latest	Scaffold	Major	Full	2013/07/11	ASM42268v1	DOE Joint Genome Institute	GCF_000422685.1	identical	ftp://ftp.ncbi.nlm.nih.gov/genomes/all/GCA/000/422/685/GCA_000422685.1_ASM42268v1		assembly from type material
GCA_003458625.1	PRJNA482748	SAMN09734459	QRUZ00000000.1	na	208479	208479	[Clostridium] bolteae	strain=AF24-13		latest	Scaffold	Major	Full	2018/09/05	ASM345862v1	BGI	GCF_003458625.1	identical	ftp://ftp.ncbi.nlm.nih.gov/genomes/all/GCA/003/458/625/GCA_003458625.1_ASM345862v1		
GCA_003987635.1	PRJNA359498	SAMN06609011	NGKB00000000.1	na	218144	218144	Vagococcus carniphilus	strain=SS1714		latest	Contig	Major	Full	2018/12/17	ASM398763v1	Centers for Disease Control and Prevention	GCF_003987635.1	identical	ftp://ftp.ncbi.nlm.nih.gov/genomes/all/GCA/003/987/635/GCA_003987635.1_ASM398763v1		
GCA_002767065.1	PRJNA395662	SAMN07415011	PEOM00000000.1	na	283734	283734	Staphylococcus pseudintermedius	strain=2080821017011		latest	Contig	Major	Full	2017/11/13	ASM276706v1	Utrecht University	GCF_002767065.1	identical	ftp://ftp.ncbi.nlm.nih.gov/genomes/all/GCA/002/767/065/GCA_002767065.1_ASM276706v1		
GCA_002768275.1	PRJNA395826	SAMN07415048	PEPX00000000.1	na	283734	283734	Staphylococcus pseudintermedius	strain=2130327043011		latest	Scaffold	Major	Full	2017/11/13	ASM276827v1	Utrecht University	GCF_002768275.1	identical	ftp://ftp.ncbi.nlm.nih.gov/genomes/all/GCA/002/768/275/GCA_002768275.1_ASM276827v1		
GCA_002768435.1	PRJNA395832	SAMN07415053	PEQC00000000.1	na	283734	283734	Staphylococcus pseudintermedius	strain=2131017012012		latest	Scaffold	Major	Full	2017/11/13	ASM276843v1	Utrecht University	GCF_002768435.1	identical	ftp://ftp.ncbi.nlm.nih.gov/genomes/all/GCA/002/768/435/GCA_002768435.1_ASM276843v1		
GCA_900538465.1	PRJEB26432	SAMEA4890716	UPXV00000000.1	na	331630	331630	uncultured Erysipelotrichaceae bacterium		UMGS7	latest	Contig	Major	Full	2019/01/29	UMGS7	EBI	na	na	ftp://ftp.ncbi.nlm.nih.gov/genomes/all/GCA/900/538/465/GCA_900538465.1_UMGS7	derived from environmental source	
GCA_900550005.1	PRJEB26432	SAMEA4891884	URQL00000000.1	na	331630	331630	uncultured Erysipelotrichaceae bacterium		UMGS1249	latest	Contig	Major	Full	2019/01/29	UMGS1249	EBI	na	na	ftp://ftp.ncbi.nlm.nih.gov/genomes/all/GCA/900/550/005/GCA_900550005.1_UMGS1249	derived from environmental source	
GCA_000244855.1	PRJNA39365	SAMN02463766	ACTG00000000.1	na	469597	469597	Coprobacillus sp. 8_2_54BFAA	strain=8_2_54BFAA		latest	Scaffold	Major	Full	2012/01/25	Coprob_sp_8_2_54BFAA_V1	Broad Institute	GCF_000244855.1	identical	ftp://ftp.ncbi.nlm.nih.gov/genomes/all/GCA/000/244/855/GCA_000244855.1_Coprob_sp_8_2_54BFAA_V1		
GCA_000158555.2	PRJNA32495	SAMN02595286	ACDT00000000.2	na	556270	556270	Coprobacillus sp. D7	strain=D7		latest	Scaffold	Major	Full	2013/09/30	Erys_bact_D7_V2	Broad Institute	GCF_000158555.2	identical	ftp://ftp.ncbi.nlm.nih.gov/genomes/all/GCA/000/158/555/GCA_000158555.2_Erys_bact_D7_V2		
GCA_000239735.1	PRJNA40019	SAMN02463795	ACWL00000000.1	na	665941	665941	Coprobacillus sp. 3_3_56FAA	strain=3_3_56FAA		latest	Scaffold	Major	Full	2011/12/22	Coprobacillus_sp_3_3_56FAA_V1	Broad Institute	GCF_000239735.1	identical	ftp://ftp.ncbi.nlm.nih.gov/genomes/all/GCA/000/239/735/GCA_000239735.1_Coprobacillus_sp_3_3_56FAA_V1		
GCA_002240055.1	PRJNA282954	SAMN05413925		na	712368	712368	Leptotrichia sp. oral taxon 498	strain=F0590		latest	Complete Genome	Major	Full	2017/08/02	ASM224005v1	The Forsyth Institute	GCF_002240055.1	identical	ftp://ftp.ncbi.nlm.nih.gov/genomes/all/GCA/002/240/055/GCA_002240055.1_ASM224005v1		
GCA_900066325.1	PRJEB10915	SAMEA3545287	FMES00000000.1	na	765821	765821	uncultured Blautia sp.		2789STDY5608879	latest	Scaffold	Major	Full	2016/08/17	13414_6#63	SC	na	na	ftp://ftp.ncbi.nlm.nih.gov/genomes/all/GCA/900/066/325/GCA_900066325.1_13414_6_63	derived from environmental source	
GCA_000191865.2	PRJNA59523	SAMN00116780	AEXQ00000000.1	na	910310	910310	Turicibacter sp. HGF1	strain=HGF1		latest	Contig	Major	Full	2011/03/07	ASM19186v1	J. Craig Venter Institute	GCF_000191865.1	identical	ftp://ftp.ncbi.nlm.nih.gov/genomes/all/GCA/000/191/865/GCA_000191865.2_ASM19186v1		
GCA_000421325.1	PRJNA200604	SAMN02441242	ATWQ00000000.1	na	1009709	1009709	alpha proteobacterium SCGC AAA536-K22	strain=SCGC AAA536-K22		latest	Contig	Major	Full	2013/07/09	ASM42132v1	DOE Joint Genome Institute	GCF_000421325.1	identical	ftp://ftp.ncbi.nlm.nih.gov/genomes/all/GCA/000/421/325/GCA_000421325.1_ASM42132v1	derived from single cell	
GCA_000478945.1	PRJNA89635	SAMN02436401	AWXD00000000.1	na	1111133	1111133	Peptoniphilus sp. BV3AC2	strain=BV3AC2		latest	Contig	Major	Full	2013/10/23	CspBV3AC2v1.0	JCVI	GCF_000478945.1	identical	ftp://ftp.ncbi.nlm.nih.gov/genomes/all/GCA/000/478/945/GCA_000478945.1_CspBV3AC2v1.0		
GCA_900106765.1	PRJEB16581	SAMN05660923	FNNG00000000.1	representative genome	1123352	1123352	Tepidimicrobium xylanilyticum	strain=DSM 23310		latest	Scaffold	Major	Full	2016/10/22	IMG-taxon 2599185171 annotated assembly	DOE - JOINT GENOME INSTITUTE	GCF_900106765.1	identical	ftp://ftp.ncbi.nlm.nih.gov/genomes/all/GCA/900/106/765/GCA_900106765.1_IMG-taxon_2599185171_annotated_assembly		assembly from type material
GCA_000509085.1	PRJDB536	SAMD00009094	BAIE00000000.2	na	1232446	1232446	Clostridiales bacterium VE202-18	strain=VE202-18		latest	Contig	Major	Full	2013/07/16	ASM50908v1	The University of Tokyo	GCF_000509085.1	identical	ftp://ftp.ncbi.nlm.nih.gov/genomes/all/GCA/000/509/085/GCA_000509085.1_ASM50908v1		
GCA_000433055.1	PRJEB745	SAMEA3138540	CAZV000000000.1	na	1262853	1262853	Coprobacillus sp. CAG:183			latest	Scaffold	Major	Full	2013/07/17	MGS183	DTU	GCF_000433055.1	identical	ftp://ftp.ncbi.nlm.nih.gov/genomes/all/GCA/000/433/055/GCA_000433055.1_MGS183	derived from environmental source	
GCA_000577815.1	PRJEB4942	SAMEA3138939	CBYM000000000.1	na	1414720	1414720	Clostridium saudiense	strain=JCC		latest	Contig	Major	Full	2014/02/12	JCC	URMITE	GCF_000577815.1	identical	ftp://ftp.ncbi.nlm.nih.gov/genomes/all/GCA/000/577/815/GCA_000577815.1_JCC		assembly from type material
GCA_001002185.1	PRJNA273161	SAMN03319861	LCLR00000000.1	na	1619069	1619069	Candidatus Saccharibacteria bacterium GW2011_GWA2_46_10			latest	Scaffold	Major	Full	2015/05/07	ASM100218v1	Banfield Lab, University of California, Berkeley	na	na	ftp://ftp.ncbi.nlm.nih.gov/genomes/all/GCA/001/002/185/GCA_001002185.1_ASM100218v1	derived from metagenome	
GCA_000752075.1	PRJEB6395	SAMEA2008096	CCEO00000000.1	na	1654388	1654388	Staphylococcus schweitzeri			latest	Contig	Major	Full	2014/09/06	Sa_FSA090	SC	GCF_000752075.1	identical	ftp://ftp.ncbi.nlm.nih.gov/genomes/all/GCA/000/752/075/GCA_000752075.1_Sa_FSA090		
GCA_002902405.1	PRJNA339206	SAMN05978012	PPQS00000000.1	na	1654388	1654388	Staphylococcus schweitzeri	strain=DSM 28300		latest	Scaffold	Major	Full	2018/01/27	ASM290240v1	Modernising Medical Microbiology	GCF_002902405.1	identical	ftp://ftp.ncbi.nlm.nih.gov/genomes/all/GCA/002/902/405/GCA_002902405.1_ASM290240v1		assembly from type material
GCA_900636685.1	PRJEB6403	SAMEA3724095		na	1654388	1654388	Staphylococcus schweitzeri	strain=NCTC13712		latest	Complete Genome	Major	Full	2018/12/20	43874_A01	SC	GCF_900636685.1	identical	ftp://ftp.ncbi.nlm.nih.gov/genomes/all/GCA/900/636/685/GCA_900636685.1_43874_A01		
GCA_001304835.1	PRJDB4119	SAMD00036501	BBZM00000000.1	na	1697779	1697779	Clostridia bacterium UC5.1-1F7	strain=UC5.1-1F7		latest	Contig	Major	Full	2015/09/25	ASM130483v1	Laboratory of Metagenomics, Graduate School of Frontier Sciences, The University of Tokyo	GCF_001304835.1	identical	ftp://ftp.ncbi.nlm.nih.gov/genomes/all/GCA/001/304/835/GCA_001304835.1_ASM130483v1	many frameshifted proteins	
GCA_001305015.1	PRJDB4128	SAMD00036510	BBZV00000000.1	na	1697788	1697788	Clostridia bacterium UC5.1-2H6	strain=UC5.1-2H6		latest	Contig	Major	Full	2015/09/25	ASM130501v1	Laboratory of Metagenomics, Graduate School of Frontier Sciences, The University of Tokyo	GCF_001305015.1	identical	ftp://ftp.ncbi.nlm.nih.gov/genomes/all/GCA/001/305/015/GCA_001305015.1_ASM130501v1		
GCA_001543345.1	PRJNA295105	SAMN04166238		na	1712675	1712675	Turicibacter sp. H121	strain=H121		latest	Complete Genome	Major	Full	2016/02/01	ASM154334v1	Baylor College of Medicine	GCF_001543345.1	identical	ftp://ftp.ncbi.nlm.nih.gov/genomes/all/GCA/001/543/345/GCA_001543345.1_ASM154334v1		
GCA_900106845.1	PRJEB14233	SAMEA4521287	FNMT00000000.1	representative genome	1776391	1776391	Romboutsia timonensis	strain=Marseille-P326		latest	Scaffold	Major	Full	2016/10/27	PRJEB14233	URMITE	GCF_900106845.1	identical	ftp://ftp.ncbi.nlm.nih.gov/genomes/all/GCA/900/106/845/GCA_900106845.1_PRJEB14233		assembly from type material
GCA_900078295.2	PRJEB13136	SAMEA3905751	FJVH00000000.1	na	1805476	1805476	Blautia sp. Marseille-P2398	strain=Marseille-P2398		latest	Scaffold	Major	Full	2016/03/24	PRJEB13136	URMITE	GCF_900078295.2	identical	ftp://ftp.ncbi.nlm.nih.gov/genomes/all/GCA/900/078/295/GCA_900078295.2_PRJEB13136		
GCA_003486705.1	PRJNA417962	SAMN08018403	DNGE00000000.1	na	1879010	1879010	Firmicutes bacterium		UBA11379	latest	Scaffold	Major	Full	2018/09/06	ASM348670v1	University of Queensland	na	na	ftp://ftp.ncbi.nlm.nih.gov/genomes/all/GCA/003/486/705/GCA_003486705.1_ASM348670v1	derived from metagenome	
GCA_002311155.1	PRJNA348753	SAMN06454952	DBZN00000000.1	na	1947763	1947763	Turicibacter sp. UBA1159		UBA1159	latest	Scaffold	Major	Full	2017/09/19	ASM231115v1	University of Queensland	na	na	ftp://ftp.ncbi.nlm.nih.gov/genomes/all/GCA/002/311/155/GCA_002311155.1_ASM231115v1	derived from metagenome	
GCA_002493395.1	PRJNA348753	SAMN06454059	DKYS00000000.1	na	1947764	1947764	Turicibacter sp. UBA7094		UBA7094	latest	Scaffold	Major	Full	2017/10/10	ASM249339v1	University of Queensland	na	na	ftp://ftp.ncbi.nlm.nih.gov/genomes/all/GCA/002/493/395/GCA_002493395.1_ASM249339v1	derived from metagenome	
GCA_002362595.1	PRJNA348753	SAMN06455032	DEUO00000000.1	na	1950260	1950260	Bacillales bacterium UBA3260		UBA3260	latest	Scaffold	Major	Full	2017/09/26	ASM236259v1	University of Queensland	na	na	ftp://ftp.ncbi.nlm.nih.gov/genomes/all/GCA/002/362/595/GCA_002362595.1_ASM236259v1	derived from metagenome	
GCA_002285055.1	PRJNA397120	SAMN07449349	NQYJ00000000.1	na	2024899	2024899	Candidatus Izimaplasma sp. ZiA1	strain=ZiA1		latest	Scaffold	Major	Full	2017/09/04	ASM228505v1	Korea Institute of Geoscience and Mineral Resources	GCF_002285055.1	identical	ftp://ftp.ncbi.nlm.nih.gov/genomes/all/GCA/002/285/055/GCA_002285055.1_ASM228505v1		
GCA_002710405.1	PRJNA391943	SAMN07619937	PAKA00000000.1	na	2026785	2026785	Rhodobiaceae bacterium		SAT80	latest	Contig	Major	Full	2017/10/25	ASM271040v1	Tara Oceans Consortium	na	na	ftp://ftp.ncbi.nlm.nih.gov/genomes/all/GCA/002/710/405/GCA_002710405.1_ASM271040v1	derived from metagenome	
GCA_002567005.1	PRJNA400804	SAMN07598375	NUZU00000000.1	na	2033511	2033511	Bacillus sp. AFS073361	strain=AFS073361		latest	Scaffold	Major	Full	2017/10/17	ASM256700v1	UNC Chapel Hill	GCF_002567005.1	identical	ftp://ftp.ncbi.nlm.nih.gov/genomes/all/GCA/002/567/005/GCA_002567005.1_ASM256700v1		
GCA_003458715.1	PRJNA482748	SAMN09734448	QRVI00000000.1	na	2292232	2292232	Eubacterium sp. AF22-8LB	strain=AF22-8LB		latest	Scaffold	Major	Full	2018/09/05	ASM345871v1	BGI	GCF_003458715.1	identical	ftp://ftp.ncbi.nlm.nih.gov/genomes/all/GCA/003/458/715/GCA_003458715.1_ASM345871v1		
GCA_003478825.1	PRJNA482748	SAMN09734421	QUGE00000000.1	na	2292243	2292243	Peptoclostridium sp. AF21-18	strain=AF21-18		latest	Scaffold	Major	Full	2018/09/06	ASM347882v1	BGI	GCF_003478825.1	identical	ftp://ftp.ncbi.nlm.nih.gov/genomes/all/GCA/003/478/825/GCA_003478825.1_ASM347882v1		
GCA_003480165.1	PRJNA482748	SAMN09736529	QUIQ00000000.1	na	2292893	2292893	Firmicutes bacterium AM41-11	strain=AM41-11		latest	Scaffold	Major	Full	2018/09/06	ASM348016v1	BGI	GCF_003480165.1	identical	ftp://ftp.ncbi.nlm.nih.gov/genomes/all/GCA/003/480/165/GCA_003480165.1_ASM348016v1		
GCA_003481065.1	PRJNA482748	SAMN09736946	QUKJ00000000.1	na	2293053	2293053	Clostridium sp. TF11-13AC	strain=TF11-13AC		latest	Scaffold	Major	Full	2018/09/06	ASM348106v1	BGI	GCF_003481065.1	identical	ftp://ftp.ncbi.nlm.nih.gov/genomes/all/GCA/003/481/065/GCA_003481065.1_ASM348106v1		
GCA_003479775.1	PRJNA482748	SAMN09734197	QUHU00000000.1	na	2293057	2293057	Coprobacillus sp. AF09-1A	strain=AF09-1A		latest	Scaffold	Major	Full	2018/09/06	ASM347977v1	BGI	GCF_003479775.1	identical	ftp://ftp.ncbi.nlm.nih.gov/genomes/all/GCA/003/479/775/GCA_003479775.1_ASM347977v1		
GCA_003473785.1	PRJNA482748	SAMN09734864	QUCS00000000.1	na	2293185	2293185	Ruminococcus sp. AM18-15	strain=AM18-15		latest	Scaffold	Major	Full	2018/09/06	ASM347378v1	BGI	GCF_003473785.1	identical	ftp://ftp.ncbi.nlm.nih.gov/genomes/all/GCA/003/473/785/GCA_003473785.1_ASM347378v1		
GCA_003473745.1	PRJNA482748	SAMN09734872	QUCP00000000.1	na	2293186	2293186	Ruminococcus sp. AM18-44	strain=AM18-44		latest	Scaffold	Major	Full	2018/09/06	ASM347374v1	BGI	GCF_003473745.1	identical	ftp://ftp.ncbi.nlm.nih.gov/genomes/all/GCA/003/473/745/GCA_003473745.1_ASM347374v1		
GCA_003473695.1	PRJNA482748	SAMN09734920	QUCJ00000000.1	na	2293188	2293188	Ruminococcus sp. AM23-1	strain=AM23-1		latest	Scaffold	Major	Full	2018/09/06	ASM347369v1	BGI	GCF_003473695.1	identical	ftp://ftp.ncbi.nlm.nih.gov/genomes/all/GCA/003/473/695/GCA_003473695.1_ASM347369v1		
GCA_003480035.1	PRJNA482748	SAMN09736586	QUIG00000000.1	na	2293217	2293217	Ruminococcus sp. AM44-9AT	strain=AM44-9AT		latest	Contig	Major	Full	2018/09/06	ASM348003v1	BGI	GCF_003480035.1	identical	ftp://ftp.ncbi.nlm.nih.gov/genomes/all/GCA/003/480/035/GCA_003480035.1_ASM348003v1		
GCA_004332175.1	PRJNA521315	SAMN10883036	SJDS00000000.1	na	2517243	2517243	Lysinibacillus sp. OL1	strain=OL1		latest	Scaffold	Major	Full	2019/03/05	ASM433217v1	UNIVERSITY OF NORTH BENGAL	na	na	ftp://ftp.ncbi.nlm.nih.gov/genomes/all/GCA/004/332/175/GCA_004332175.1_ASM433217v1		
